Origen,Destino,Valor
Albacete, Alicante_Alacant,230
Albacete, Almería,32
Albacete, Araba_Álava,5
Albacete, Asturias,5
Albacete, Ávila,6
Albacete, Badajoz,8
Albacete, Balears_ Illes,47
Albacete, Barcelona,73
Albacete, Bizkaia,15
Albacete, Burgos,5
Albacete, Cáceres,16
Albacete, Cádiz,13
Albacete, Cantabria,4
Albacete, Castellón_Castelló,27
Albacete, Ciudad Real,119
Albacete, Córdoba,24
Albacete, Coruña_A,11
Albacete, Cuenca,167
Albacete, Gipuzkoa,9
Albacete, Girona,9
Albacete, Granada,15
Albacete, Guadalajara,16
Albacete, Huelva,14
Albacete, Huesca, 
Albacete, Jaén,42
Albacete, León,5
Albacete, Lleida,6
Albacete, Lugo, 
Albacete, Madrid,166
Albacete, Málaga,21
Albacete, Murcia,194
Albacete, Navarra,7
Albacete, Ourense,3
Albacete, Palencia,2
Albacete, Palmas_ Las,16
Albacete, Pontevedra,6
Albacete, Rioja_ La,6
Albacete, Salamanca,4
Albacete, Santa Cruz de Tenerife,13
Albacete, Segovia,5
Albacete, Sevilla,26
Albacete, Soria,6
Albacete, Tarragona,17
Albacete, Teruel,7
Albacete, Toledo,53
Albacete, Valencia_València,214
Albacete, Valladolid,5
Albacete, Zamora,4
Albacete, Zaragoza,19
Albacete, Ceuta,1
Albacete, Melilla,1
Alicante_Alacant, Albacete,331
Alicante_Alacant, Alicante_Alacant, 
Alicante_Alacant, Almería,205
Alicante_Alacant, Araba_Álava,60
Alicante_Alacant, Asturias,121
Alicante_Alacant, Ávila,30
Alicante_Alacant, Badajoz,63
Alicante_Alacant, Balears_ Illes,303
Alicante_Alacant, Barcelona,594
Alicante_Alacant, Bizkaia,92
Alicante_Alacant, Burgos,42
Alicante_Alacant, Cáceres,53
Alicante_Alacant, Cádiz,93
Alicante_Alacant, Cantabria,65
Alicante_Alacant, Castellón_Castelló,145
Alicante_Alacant, Ciudad Real,167
Alicante_Alacant, Córdoba,96
Alicante_Alacant, Coruña_ A,72
Alicante_Alacant, Cuenca,65
Alicante_Alacant, Gipuzkoa,76
Alicante_Alacant, Girona,97
Alicante_Alacant, Granada,182
Alicante_Alacant, Guadalajara,55
Alicante_Alacant, Huelva,29
Alicante_Alacant, Huesca,23
Alicante_Alacant, Jaén,170
Alicante_Alacant, León,71
Alicante_Alacant, Lleida,56
Alicante_Alacant, Lugo,23
Alicante_Alacant, Madrid,1519
Alicante_Alacant, Málaga,230
Alicante_Alacant, Murcia,1357
Alicante_Alacant, Navarra,83
Alicante_Alacant, Ourense,33
Alicante_Alacant, Palencia,23
Alicante_Alacant, Palmas_ Las,129
Alicante_Alacant, Pontevedra,54
Alicante_Alacant, Rioja_ La,38
Alicante_Alacant, Salamanca,51
Alicante_Alacant, Santa Cruz de Tenerife,138
Alicante_Alacant, Segovia,15
Alicante_Alacant, Sevilla,172
Alicante_Alacant, Soria,12
Alicante_Alacant, Tarragona,119
Alicante_Alacant, Teruel,18
Alicante_Alacant, Toledo,164
Alicante_Alacant, Valencia_València,1241
Alicante_Alacant, Valladolid,84
Alicante_Alacant, Zamora,18
Alicante_Alacant, Zaragoza,104
Alicante_Alacant, Ceuta,9
Alicante_Alacant, Melilla,45
Asturias, Albacete,4
Asturias, Alicante_Alacant,93
Asturias, Almería,14
Asturias, Araba_Álava,22
Asturias, Asturias, 
Asturias, Ávila,14
Asturias, Badajoz,27
Asturias, Balears_ Illes,112
Asturias, Barcelona,181
Asturias, Bizkaia,77
Asturias, Burgos,42
Asturias, Cáceres,28
Asturias, Cádiz,35
Asturias, Cantabria,155
Asturias, Castellón_Castelló,22
Asturias, Ciudad Real,29
Asturias, Córdoba,14
Asturias, Coruña_ A,98
Asturias, Cuenca,4
Asturias, Gipuzkoa,41
Asturias, Girona,32
Asturias, Granada,24
Asturias, Guadalajara,22
Asturias, Huelva,9
Asturias, Huesca,14
Asturias, Jaén,13
Asturias, León,250
Asturias, Lleida,11
Asturias, Lugo,143
Asturias, Madrid,539
Asturias, Málaga,66
Asturias, Murcia,47
Asturias, Navarra,36
Asturias, Ourense,26
Asturias, Palencia,17
Asturias, Palmas_ Las,77
Asturias, Pontevedra,60
Asturias, Rioja_ La,32
Asturias, Salamanca,39
Asturias, Santa Cruz de Tenerife,73
Asturias, Segovia,15
Asturias, Sevilla,58
Asturias, Soria,3
Asturias, Tarragona,28
Asturias, Teruel,17
Asturias, Toledo,52
Asturias, Valencia_València,73
Asturias, Valladolid,57
Asturias, Zamora,37
Asturias, Zaragoza,26
Asturias, Ceuta,5
Asturias, Melilla,7
Ávila, Albacete,3
Ávila, Alicante_Alacant,16
Ávila, Almería,6
Ávila, Araba_Álava,3
Ávila, Asturias,8
Ávila, Ávila, 
Ávila, Badajoz,7
Ávila, Balears_ Illes,7
Ávila, Barcelona,30
Ávila, Bizkaia,2
Ávila, Burgos,12
Ávila, Cáceres,27
Ávila, Cádiz,11
Ávila, Cantabria,2
Ávila, Castellón_Castelló, 
Ávila, Ciudad Real,4
Ávila, Córdoba,6
Ávila, Coruña_ A,4
Ávila, Cuenca,1
Ávila, Gipuzkoa,4
Ávila, Girona,3
Ávila, Granada,7
Ávila, Guadalajara,27
Ávila, Huelva,4
Ávila, Huesca,4
Ávila, Jaén, 
Ávila, León,10
Ávila, Lleida,2
Ávila, Lugo,1
Ávila, Madrid,488
Ávila, Málaga,14
Ávila, Murcia,9
Ávila, Navarra,4
Ávila, Ourense,1
Ávila, Palencia,6
Ávila, Palmas_ Las,4
Ávila, Pontevedra,3
Ávila, Rioja_ La,2
Ávila, Salamanca,38
Ávila, Santa Cruz de Tenerife,8
Ávila, Segovia,46
Ávila, Sevilla,14
Ávila, Soria,8
Ávila, Tarragona,2
Ávila, Teruel, 
Ávila, Toledo,71
Ávila, Valencia_València,6
Ávila, Valladolid,42
Ávila, Zamora,12
Ávila, Zaragoza,2
Ávila, Ceuta,4
Ávila, Melilla,4
Badajoz, Albacete,5
Badajoz, Alicante_Alacant,44
Badajoz, Almería,15
Badajoz, Araba_Álava,4
Badajoz, Asturias,15
Badajoz, Ávila,5
Badajoz, Badajoz, 
Badajoz, Balears_ Illes,71
Badajoz, Barcelona,157
Badajoz, Bizkaia,33
Badajoz, Burgos,8
Badajoz, Cáceres,288
Badajoz, Cádiz,55
Badajoz, Cantabria,21
Badajoz, Castellón_Castelló,22
Badajoz, Ciudad Real,33
Badajoz, Córdoba,83
Badajoz, Coruña_ A,12
Badajoz, Cuenca,3
Badajoz, Gipuzkoa,21
Badajoz, Girona,20
Badajoz, Granada,24
Badajoz, Guadalajara,9
Badajoz, Huelva,75
Badajoz, Huesca,8
Badajoz, Jaén,38
Badajoz, León,10
Badajoz, Lleida,6
Badajoz, Lugo,6
Badajoz, Madrid,359
Badajoz, Málaga,67
Badajoz, Murcia,16
Badajoz, Navarra,15
Badajoz, Ourense,5
Badajoz, Palencia,4
Badajoz, Palmas_ Las,58
Badajoz, Pontevedra,12
Badajoz, Rioja_ La,6
Badajoz, Salamanca,24
Badajoz, Santa Cruz de Tenerife,23
Badajoz, Segovia,5
Badajoz, Sevilla,199
Badajoz, Soria,3
Badajoz, Tarragona,16
Badajoz, Teruel,1
Badajoz, Toledo,41
Badajoz, Valencia_València,56
Badajoz, Valladolid,23
Badajoz, Zamora,10
Badajoz, Zaragoza,20
Badajoz, Ceuta,6
Badajoz, Melilla,3
Balears_ Illes, Albacete,110
Balears_ Illes, Alicante_Alacant,424
Balears_ Illes, Almería,156
Balears_ Illes, Araba_Álava,33
Balears_ Illes, Asturias,146
Balears_ Illes, Ávila,32
Balears_ Illes, Badajoz,221
Balears_ Illes, Balears_ Illes, 
Balears_ Illes, Barcelona,1386
Balears_ Illes, Bizkaia,114
Balears_ Illes, Burgos,43
Balears_ Illes, Cáceres,87
Balears_ Illes, Cádiz,598
Balears_ Illes, Cantabria,72
Balears_ Illes, Castellón_Castelló,132
Balears_ Illes, Ciudad Real,102
Balears_ Illes, Córdoba,264
Balears_ Illes, Coruña_ A,142
Balears_ Illes, Cuenca,35
Balears_ Illes, Gipuzkoa,65
Balears_ Illes, Girona,106
Balears_ Illes, Granada,448
Balears_ Illes, Guadalajara,35
Balears_ Illes, Huelva,104
Balears_ Illes, Huesca,47
Balears_ Illes, Jaén,215
Balears_ Illes, León,87
Balears_ Illes, Lleida,71
Balears_ Illes, Lugo,30
Balears_ Illes, Madrid,1316
Balears_ Illes, Málaga,371
Balears_ Illes, Murcia,290
Balears_ Illes, Navarra,55
Balears_ Illes, Ourense,35
Balears_ Illes, Palencia,18
Balears_ Illes, Palmas_ Las,266
Balears_ Illes, Pontevedra,155
Balears_ Illes, Rioja_ La,23
Balears_ Illes, Salamanca,56
Balears_ Illes, Santa Cruz de Tenerife,199
Balears_ Illes, Segovia,16
Balears_ Illes, Sevilla,683
Balears_ Illes, Soria,12
Balears_ Illes, Tarragona,138
Balears_ Illes, Teruel,11
Balears_ Illes, Toledo,112
Balears_ Illes, Valencia_València,691
Balears_ Illes, Valladolid,64
Balears_ Illes, Zamora,12
Balears_ Illes, Zaragoza,113
Balears_ Illes, Ceuta,14
Balears_ Illes, Melilla,40
Barcelona, Albacete,117
Barcelona, Alicante_Alacant,790
Barcelona, Almería,334
Barcelona, Araba_Álava,111
Barcelona, Asturias,277
Barcelona, Ávila,31
Barcelona, Badajoz,264
Barcelona, Balears_ Illes,1196
Barcelona, Barcelona, 
Barcelona, Bizkaia,292
Barcelona, Burgos,101
Barcelona, Cáceres,137
Barcelona, Cádiz,356
Barcelona, Cantabria,156
Barcelona, Castellón_Castelló,378
Barcelona, Ciudad Real,157
Barcelona, Córdoba,271
Barcelona, Coruña_ A,294
Barcelona, Cuenca,66
Barcelona, Gipuzkoa,229
Barcelona, Girona,2709
Barcelona, Granada,403
Barcelona, Guadalajara,75
Barcelona, Huelva,156
Barcelona, Huesca,257
Barcelona, Jaén,217
Barcelona, León,171
Barcelona, Lleida,1083
Barcelona, Lugo,113
Barcelona, Madrid,2205
Barcelona, Málaga,620
Barcelona, Murcia,451
Barcelona, Navarra,234
Barcelona, Ourense,108
Barcelona, Palencia,35
Barcelona, Palmas_ Las,350
Barcelona, Pontevedra,250
Barcelona, Rioja_ La,142
Barcelona, Salamanca,140
Barcelona, Santa Cruz de Tenerife,378
Barcelona, Segovia,31
Barcelona, Sevilla,552
Barcelona, Soria,41
Barcelona, Tarragona,2752
Barcelona, Teruel,140
Barcelona, Toledo,169
Barcelona, Valencia_València,1041
Barcelona, Valladolid,129
Barcelona, Zamora,58
Barcelona, Zaragoza,505
Barcelona, Ceuta,42
Barcelona, Melilla,140
Bizkaia, Albacete,16
Bizkaia, Alicante_Alacant,93
Bizkaia, Almería,34
Bizkaia, Araba_Álava,363
Bizkaia, Asturias,84
Bizkaia, Ávila,13
Bizkaia, Badajoz,41
Bizkaia, Balears_ Illes,69
Bizkaia, Barcelona,189
Bizkaia, Bizkaia, 
Bizkaia, Burgos,246
Bizkaia, Cáceres,40
Bizkaia, Cádiz,53
Bizkaia, Cantabria,623
Bizkaia, Castellón_Castelló,15
Bizkaia, Ciudad Real,18
Bizkaia, Córdoba,23
Bizkaia, Coruña_ A,55
Bizkaia, Cuenca,7
Bizkaia, Gipuzkoa,530
Bizkaia, Girona,18
Bizkaia, Granada,26
Bizkaia, Guadalajara,24
Bizkaia, Huelva,16
Bizkaia, Huesca,17
Bizkaia, Jaén,19
Bizkaia, León,60
Bizkaia, Lleida,20
Bizkaia, Lugo,27
Bizkaia, Madrid,443
Bizkaia, Málaga,76
Bizkaia, Murcia,62
Bizkaia, Navarra,169
Bizkaia, Ourense,34
Bizkaia, Palencia,45
Bizkaia, Palmas_ Las,65
Bizkaia, Pontevedra,37
Bizkaia, Rioja_ La,113
Bizkaia, Salamanca,35
Bizkaia, Santa Cruz de Tenerife,51
Bizkaia, Segovia,5
Bizkaia, Sevilla,61
Bizkaia, Soria,13
Bizkaia, Tarragona,39
Bizkaia, Teruel,5
Bizkaia, Toledo,29
Bizkaia, Valencia_València,106
Bizkaia, Valladolid,34
Bizkaia, Zamora,29
Bizkaia, Zaragoza,74
Bizkaia, Ceuta,4
Bizkaia, Melilla,10
Burgos, Albacete,9
Burgos, Alicante_Alacant,52
Burgos, Almería,14
Burgos, Araba_Álava,163
Burgos, Asturias,40
Burgos, Ávila,17
Burgos, Badajoz,13
Burgos, Balears_ Illes,22
Burgos, Barcelona,64
Burgos, Bizkaia,201
Burgos, Burgos, 
Burgos, Cáceres,16
Burgos, Cádiz,16
Burgos, Cantabria,113
Burgos, Castellón_Castelló,5
Burgos, Ciudad Real,10
Burgos, Córdoba,9
Burgos, Coruña_ A,15
Burgos, Cuenca,7
Burgos, Gipuzkoa,31
Burgos, Girona,15
Burgos, Granada,18
Burgos, Guadalajara,8
Burgos, Huelva,9
Burgos, Huesca,6
Burgos, Jaén,8
Burgos, León,62
Burgos, Lleida,5
Burgos, Lugo,9
Burgos, Madrid,231
Burgos, Málaga,27
Burgos, Murcia,32
Burgos, Navarra,28
Burgos, Ourense,3
Burgos, Palencia,85
Burgos, Palmas_ Las,13
Burgos, Pontevedra,16
Burgos, Rioja_ La,62
Burgos, Salamanca,29
Burgos, Santa Cruz de Tenerife,15
Burgos, Segovia,27
Burgos, Sevilla,15
Burgos, Soria,39
Burgos, Tarragona,6
Burgos, Teruel,5
Burgos, Toledo,31
Burgos, Valencia_València,24
Burgos, Valladolid,109
Burgos, Zamora,34
Burgos, Zaragoza,25
Burgos, Ceuta,2
Burgos, Melilla,6
Cáceres, Albacete,4
Cáceres, Alicante_Alacant,15
Cáceres, Almería,10
Cáceres, Araba_Álava,9
Cáceres, Asturias,15
Cáceres, Ávila,20
Cáceres, Badajoz,275
Cáceres, Balears_ Illes,27
Cáceres, Barcelona,96
Cáceres, Bizkaia,28
Cáceres, Burgos,11
Cáceres, Cáceres, 
Cáceres, Cádiz,41
Cáceres, Cantabria,7
Cáceres, Castellón_Castelló,9
Cáceres, Ciudad Real,22
Cáceres, Córdoba,12
Cáceres, Coruña_ A,5
Cáceres, Cuenca,4
Cáceres, Gipuzkoa,29
Cáceres, Girona,14
Cáceres, Granada,18
Cáceres, Guadalajara,16
Cáceres, Huelva,29
Cáceres, Huesca,2
Cáceres, Jaén,17
Cáceres, León,6
Cáceres, Lleida,4
Cáceres, Lugo,3
Cáceres, Madrid,420
Cáceres, Málaga,37
Cáceres, Murcia,37
Cáceres, Navarra,8
Cáceres, Ourense,1
Cáceres, Palencia,2
Cáceres, Palmas_ Las,21
Cáceres, Pontevedra,14
Cáceres, Rioja_ La,7
Cáceres, Salamanca,89
Cáceres, Santa Cruz de Tenerife,8
Cáceres, Segovia,7
Cáceres, Sevilla,50
Cáceres, Soria,5
Cáceres, Tarragona,14
Cáceres, Teruel,6
Cáceres, Toledo,77
Cáceres, Valencia_València,24
Cáceres, Valladolid,14
Cáceres, Zamora,6
Cáceres, Zaragoza,8
Cáceres, Ceuta,3
Cáceres, Melilla,4
Cádiz, Albacete,10
Cádiz, Alicante_Alacant,68
Cádiz, Almería,67
Cádiz, Araba_Álava,16
Cádiz, Asturias,45
Cádiz, Ávila,7
Cádiz, Badajoz,64
Cádiz, Balears_ Illes,204
Cádiz, Barcelona,263
Cádiz, Bizkaia,49
Cádiz, Burgos,13
Cádiz, Cáceres,32
Cádiz, Cádiz, 
Cádiz, Cantabria,25
Cádiz, Castellón_Castelló,22
Cádiz, Ciudad Real,28
Cádiz, Córdoba,151
Cádiz, Coruña_ A,90
Cádiz, Cuenca,9
Cádiz, Gipuzkoa,25
Cádiz, Girona,44
Cádiz, Granada,140
Cádiz, Guadalajara,27
Cádiz, Huelva,121
Cádiz, Huesca,8
Cádiz, Jaén,74
Cádiz, León,23
Cádiz, Lleida,11
Cádiz, Lugo,15
Cádiz, Madrid,563
Cádiz, Málaga,610
Cádiz, Murcia,110
Cádiz, Navarra,43
Cádiz, Ourense,8
Cádiz, Palencia,9
Cádiz, Palmas_ Las,189
Cádiz, Pontevedra,40
Cádiz, Rioja_ La,14
Cádiz, Salamanca,16
Cádiz, Santa Cruz de Tenerife,83
Cádiz, Segovia,6
Cádiz, Sevilla,775
Cádiz, Soria,6
Cádiz, Tarragona,51
Cádiz, Teruel,1
Cádiz, Toledo,45
Cádiz, Valencia_València,73
Cádiz, Valladolid,33
Cádiz, Zamora,7
Cádiz, Zaragoza,38
Cádiz, Ceuta,199
Cádiz, Melilla,36
Cantabria, Albacete,9
Cantabria, Alicante_Alacant,69
Cantabria, Almería,18
Cantabria, Araba_Álava,40
Cantabria, Asturias,219
Cantabria, Ávila,15
Cantabria, Badajoz,28
Cantabria, Balears_ Illes,55
Cantabria, Barcelona,133
Cantabria, Bizkaia,629
Cantabria, Burgos,113
Cantabria, Cáceres,17
Cantabria, Cádiz,43
Cantabria, Cantabria, 
Cantabria, Castellón_Castelló,4
Cantabria, Ciudad Real,13
Cantabria, Córdoba,21
Cantabria, Coruña_ A,57
Cantabria, Cuenca,3
Cantabria, Gipuzkoa,65
Cantabria, Girona,16
Cantabria, Granada,23
Cantabria, Guadalajara,13
Cantabria, Huelva,12
Cantabria, Huesca,16
Cantabria, Jaén,12
Cantabria, León,54
Cantabria, Lleida,9
Cantabria, Lugo,14
Cantabria, Madrid,439
Cantabria, Málaga,54
Cantabria, Murcia,51
Cantabria, Navarra,50
Cantabria, Ourense,29
Cantabria, Palencia,91
Cantabria, Palmas_ Las,63
Cantabria, Pontevedra,20
Cantabria, Rioja_ La,76
Cantabria, Salamanca,33
Cantabria, Santa Cruz de Tenerife,58
Cantabria, Segovia,10
Cantabria, Sevilla,34
Cantabria, Soria,4
Cantabria, Tarragona,11
Cantabria, Teruel,2
Cantabria, Toledo,39
Cantabria, Valencia_València,48
Cantabria, Valladolid,90
Cantabria, Zamora,23
Cantabria, Zaragoza,46
Cantabria, Ceuta,3
Cantabria, Melilla,3
Castellón_Castelló, Albacete,25
Castellón_Castelló, Alicante_Alacant,134
Castellón_Castelló, Almería,38
Castellón_Castelló, Araba_Álava,5
Castellón_Castelló, Asturias,15
Castellón_Castelló, Ávila,5
Castellón_Castelló, Badajoz,5
Castellón_Castelló, Balears_ Illes,74
Castellón_Castelló, Barcelona,358
Castellón_Castelló, Bizkaia,25
Castellón_Castelló, Burgos,11
Castellón_Castelló, Cáceres,14
Castellón_Castelló, Cádiz,47
Castellón_Castelló, Cantabria,14
Castellón_Castelló, Castellón_Castelló, 
Castellón_Castelló, Ciudad Real,19
Castellón_Castelló, Córdoba,37
Castellón_Castelló, Coruña_ A,20
Castellón_Castelló, Cuenca,27
Castellón_Castelló, Gipuzkoa,11
Castellón_Castelló, Girona,35
Castellón_Castelló, Granada,33
Castellón_Castelló, Guadalajara,21
Castellón_Castelló, Huelva,13
Castellón_Castelló, Huesca,21
Castellón_Castelló, Jaén,42
Castellón_Castelló, León,13
Castellón_Castelló, Lleida,60
Castellón_Castelló, Lugo,5
Castellón_Castelló, Madrid,249
Castellón_Castelló, Málaga,35
Castellón_Castelló, Murcia,53
Castellón_Castelló, Navarra,25
Castellón_Castelló, Ourense,7
Castellón_Castelló, Palencia,4
Castellón_Castelló, Palmas_ Las,24
Castellón_Castelló, Pontevedra,32
Castellón_Castelló, Rioja_ La,15
Castellón_Castelló, Salamanca,26
Castellón_Castelló, Santa Cruz de Tenerife,22
Castellón_Castelló, Segovia,6
Castellón_Castelló, Sevilla,39
Castellón_Castelló, Soria,3
Castellón_Castelló, Tarragona,252
Castellón_Castelló, Teruel,102
Castellón_Castelló, Toledo,29
Castellón_Castelló, Valencia_València,853
Castellón_Castelló, Valladolid,15
Castellón_Castelló, Zamora,3
Castellón_Castelló, Zaragoza,97
Castellón_Castelló, Ceuta,2
Castellón_Castelló, Melilla,14
Ciudad Real, Albacete,98
Ciudad Real, Alicante_Alacant,111
Ciudad Real, Almería,31
Ciudad Real, Araba_Álava,4
Ciudad Real, Asturias,12
Ciudad Real, Ávila,6
Ciudad Real, Badajoz,49
Ciudad Real, Balears_ Illes,36
Ciudad Real, Barcelona,101
Ciudad Real, Bizkaia,16
Ciudad Real, Burgos,10
Ciudad Real, Cáceres,16
Ciudad Real, Cádiz,26
Ciudad Real, Cantabria,7
Ciudad Real, Castellón_Castelló,15
Ciudad Real, Ciudad Real, 
Ciudad Real, Córdoba,70
Ciudad Real, Coruña_ A,12
Ciudad Real, Cuenca,36
Ciudad Real, Gipuzkoa,5
Ciudad Real, Girona,11
Ciudad Real, Granada,44
Ciudad Real, Guadalajara,28
Ciudad Real, Huelva,19
Ciudad Real, Huesca,4
Ciudad Real, Jaén,91
Ciudad Real, León,2
Ciudad Real, Lleida,7
Ciudad Real, Lugo,6
Ciudad Real, Madrid,568
Ciudad Real, Málaga,79
Ciudad Real, Murcia,67
Ciudad Real, Navarra,9
Ciudad Real, Ourense,6
Ciudad Real, Palencia,2
Ciudad Real, Palmas_ Las,16
Ciudad Real, Pontevedra,6
Ciudad Real, Rioja_ La,8
Ciudad Real, Salamanca,13
Ciudad Real, Santa Cruz de Tenerife,9
Ciudad Real, Segovia,5
Ciudad Real, Sevilla,44
Ciudad Real, Soria,4
Ciudad Real, Tarragona,11
Ciudad Real, Teruel,2
Ciudad Real, Toledo,219
Ciudad Real, Valencia_València,82
Ciudad Real, Valladolid,9
Ciudad Real, Zamora,4
Ciudad Real, Zaragoza,14
Ciudad Real, Ceuta,1
Ciudad Real, Melilla, 
Córdoba, Albacete,14
Córdoba, Alicante_Alacant,46
Córdoba, Almería,48
Córdoba, Araba_Álava,6
Córdoba, Asturias,13
Córdoba, Ávila,1
Córdoba, Badajoz,75
Córdoba, Balears_ Illes,88
Córdoba, Barcelona,170
Córdoba, Bizkaia,5
Córdoba, Burgos,3
Córdoba, Cáceres,25
Córdoba, Cádiz,129
Córdoba, Cantabria,5
Córdoba, Castellón_Castelló,7
Córdoba, Ciudad Real,81
Córdoba, Córdoba, 
Córdoba, Coruña_ A,12
Córdoba, Cuenca,13
Córdoba, Gipuzkoa,9
Córdoba, Girona,25
Córdoba, Granada,132
Córdoba, Guadalajara,8
Córdoba, Huelva,55
Córdoba, Huesca,17
Córdoba, Jaén,164
Córdoba, León,7
Córdoba, Lleida,12
Córdoba, Lugo,3
Córdoba, Madrid,253
Córdoba, Málaga,312
Córdoba, Murcia,55
Córdoba, Navarra,6
Córdoba, Ourense,3
Córdoba, Palencia,1
Córdoba, Palmas_ Las,34
Córdoba, Pontevedra,9
Córdoba, Rioja_ La,5
Córdoba, Salamanca,4
Córdoba, Santa Cruz de Tenerife,25
Córdoba, Segovia,2
Córdoba, Sevilla,324
Córdoba, Soria, 
Córdoba, Tarragona,20
Córdoba, Teruel,3
Córdoba, Toledo,30
Córdoba, Valencia_València,46
Córdoba, Valladolid,8
Córdoba, Zamora,4
Córdoba, Zaragoza,18
Córdoba, Ceuta,18
Córdoba, Melilla,15
Coruña_ A, Albacete,13
Coruña_ A, Alicante_Alacant,77
Coruña_ A, Almería,27
Coruña_ A, Araba_Álava,13
Coruña_ A, Asturias,168
Coruña_ A, Ávila,3
Coruña_ A, Badajoz,20
Coruña_ A, Balears_ Illes,84
Coruña_ A, Barcelona,205
Coruña_ A, Bizkaia,88
Coruña_ A, Burgos,22
Coruña_ A, Cáceres,21
Coruña_ A, Cádiz,132
Coruña_ A, Cantabria,32
Coruña_ A, Castellón_Castelló,18
Coruña_ A, Ciudad Real,18
Coruña_ A, Córdoba,13
Coruña_ A, Coruña_ A, 
Coruña_ A, Cuenca,5
Coruña_ A, Gipuzkoa,26
Coruña_ A, Girona,23
Coruña_ A, Granada,15
Coruña_ A, Guadalajara,17
Coruña_ A, Huelva,17
Coruña_ A, Huesca,7
Coruña_ A, Jaén,20
Coruña_ A, León,105
Coruña_ A, Lleida,10
Coruña_ A, Lugo,445
Coruña_ A, Madrid,539
Coruña_ A, Málaga,64
Coruña_ A, Murcia,67
Coruña_ A, Navarra,22
Coruña_ A, Ourense,243
Coruña_ A, Palencia,11
Coruña_ A, Palmas_ Las,165
Coruña_ A, Pontevedra,727
Coruña_ A, Rioja_ La,20
Coruña_ A, Salamanca,22
Coruña_ A, Santa Cruz de Tenerife,91
Coruña_ A, Segovia,15
Coruña_ A, Sevilla,45
Coruña_ A, Soria,2
Coruña_ A, Tarragona,32
Coruña_ A, Teruel,7
Coruña_ A, Toledo,28
Coruña_ A, Valencia_València,57
Coruña_ A, Valladolid,34
Coruña_ A, Zamora,19
Coruña_ A, Zaragoza,33
Coruña_ A, Ceuta,3
Coruña_ A, Melilla,8
Cuenca, Albacete,154
Cuenca, Alicante_Alacant,44
Cuenca, Almería,12
Cuenca, Araba_Álava,1
Cuenca, Asturias,5
Cuenca, Ávila,1
Cuenca, Badajoz,2
Cuenca, Balears_ Illes,19
Cuenca, Barcelona,58
Cuenca, Bizkaia,9
Cuenca, Burgos,12
Cuenca, Cáceres,8
Cuenca, Cádiz,7
Cuenca, Cantabria,3
Cuenca, Castellón_Castelló,11
Cuenca, Ciudad Real,59
Cuenca, Córdoba,17
Cuenca, Coruña_ A,5
Cuenca, Cuenca, 
Cuenca, Gipuzkoa,1
Cuenca, Girona,10
Cuenca, Granada,10
Cuenca, Guadalajara,30
Cuenca, Huelva,5
Cuenca, Huesca,6
Cuenca, Jaén,15
Cuenca, León,4
Cuenca, Lleida,4
Cuenca, Lugo,2
Cuenca, Madrid,317
Cuenca, Málaga,19
Cuenca, Murcia,38
Cuenca, Navarra,11
Cuenca, Ourense, 
Cuenca, Palencia,1
Cuenca, Palmas_ Las,5
Cuenca, Pontevedra,7
Cuenca, Rioja_ La,2
Cuenca, Salamanca,3
Cuenca, Santa Cruz de Tenerife,3
Cuenca, Segovia,1
Cuenca, Sevilla,11
Cuenca, Soria, 
Cuenca, Tarragona,6
Cuenca, Teruel,3
Cuenca, Toledo,80
Cuenca, Valencia_València,168
Cuenca, Valladolid,2
Cuenca, Zamora,2
Cuenca, Zaragoza,7
Cuenca, Ceuta,1
Cuenca, Melilla, 
Gipuzkoa, Albacete,7
Gipuzkoa, Alicante_Alacant,63
Gipuzkoa, Almería,27
Gipuzkoa, Araba_Álava,204
Gipuzkoa, Asturias,51
Gipuzkoa, Ávila,7
Gipuzkoa, Badajoz,23
Gipuzkoa, Balears_ Illes,31
Gipuzkoa, Barcelona,155
Gipuzkoa, Bizkaia,425
Gipuzkoa, Burgos,47
Gipuzkoa, Cáceres,27
Gipuzkoa, Cádiz,44
Gipuzkoa, Cantabria,62
Gipuzkoa, Castellón_Castelló,17
Gipuzkoa, Ciudad Real,15
Gipuzkoa, Córdoba,25
Gipuzkoa, Coruña_ A,49
Gipuzkoa, Cuenca,7
Gipuzkoa, Gipuzkoa, 
Gipuzkoa, Girona,24
Gipuzkoa, Granada,27
Gipuzkoa, Guadalajara,6
Gipuzkoa, Huelva,8
Gipuzkoa, Huesca,19
Gipuzkoa, Jaén,11
Gipuzkoa, León,16
Gipuzkoa, Lleida,24
Gipuzkoa, Lugo,9
Gipuzkoa, Madrid,293
Gipuzkoa, Málaga,48
Gipuzkoa, Murcia,38
Gipuzkoa, Navarra,279
Gipuzkoa, Ourense,24
Gipuzkoa, Palencia,12
Gipuzkoa, Palmas_ Las,42
Gipuzkoa, Pontevedra,33
Gipuzkoa, Rioja_ La,77
Gipuzkoa, Salamanca,32
Gipuzkoa, Santa Cruz de Tenerife,25
Gipuzkoa, Segovia,5
Gipuzkoa, Sevilla,45
Gipuzkoa, Soria,7
Gipuzkoa, Tarragona,42
Gipuzkoa, Teruel,5
Gipuzkoa, Toledo,17
Gipuzkoa, Valencia_València,64
Gipuzkoa, Valladolid,38
Gipuzkoa, Zamora,17
Gipuzkoa, Zaragoza,66
Gipuzkoa, Ceuta,6
Gipuzkoa, Melilla,11
Girona, Albacete,13
Girona, Alicante_Alacant,113
Girona, Almería,55
Girona, Araba_Álava,6
Girona, Asturias,35
Girona, Ávila,10
Girona, Badajoz,42
Girona, Balears_ Illes,100
Girona, Barcelona,2970
Girona, Bizkaia,26
Girona, Burgos,16
Girona, Cáceres,18
Girona, Cádiz,66
Girona, Cantabria,17
Girona, Castellón_Castelló,37
Girona, Ciudad Real,23
Girona, Córdoba,29
Girona, Coruña_ A,32
Girona, Cuenca,12
Girona, Gipuzkoa,20
Girona, Girona, 
Girona, Granada,95
Girona, Guadalajara,5
Girona, Huelva,34
Girona, Huesca,25
Girona, Jaén,68
Girona, León,11
Girona, Lleida,155
Girona, Lugo,19
Girona, Madrid,184
Girona, Málaga,88
Girona, Murcia,67
Girona, Navarra,21
Girona, Ourense,12
Girona, Palencia, 
Girona, Palmas_ Las,57
Girona, Pontevedra,25
Girona, Rioja_ La,12
Girona, Salamanca,15
Girona, Santa Cruz de Tenerife,42
Girona, Segovia,7
Girona, Sevilla,67
Girona, Soria,4
Girona, Tarragona,155
Girona, Teruel,7
Girona, Toledo,41
Girona, Valencia_València,106
Girona, Valladolid,14
Girona, Zamora,3
Girona, Zaragoza,79
Girona, Ceuta,4
Girona, Melilla,43
Granada, Albacete,18
Granada, Alicante_Alacant,146
Granada, Almería,545
Granada, Araba_Álava,5
Granada, Asturias,15
Granada, Ávila,5
Granada, Badajoz,55
Granada, Balears_ Illes,222
Granada, Barcelona,348
Granada, Bizkaia,22
Granada, Burgos,13
Granada, Cáceres,42
Granada, Cádiz,145
Granada, Cantabria,16
Granada, Castellón_Castelló,19
Granada, Ciudad Real,58
Granada, Córdoba,183
Granada, Coruña_ A,34
Granada, Cuenca,16
Granada, Gipuzkoa,13
Granada, Girona,70
Granada, Granada, 
Granada, Guadalajara,14
Granada, Huelva,69
Granada, Huesca,15
Granada, Jaén,444
Granada, León,10
Granada, Lleida,19
Granada, Lugo,5
Granada, Madrid,359
Granada, Málaga,598
Granada, Murcia,223
Granada, Navarra,33
Granada, Ourense,10
Granada, Palencia,3
Granada, Palmas_ Las,85
Granada, Pontevedra,18
Granada, Rioja_ La,15
Granada, Salamanca,14
Granada, Santa Cruz de Tenerife,53
Granada, Segovia,8
Granada, Sevilla,239
Granada, Soria,1
Granada, Tarragona,40
Granada, Teruel,4
Granada, Toledo,41
Granada, Valencia_València,87
Granada, Valladolid,16
Granada, Zamora,3
Granada, Zaragoza,31
Granada, Ceuta,51
Granada, Melilla,66
Guadalajara, Albacete,17
Guadalajara, Alicante_Alacant,48
Guadalajara, Almería,24
Guadalajara, Araba_Álava,5
Guadalajara, Asturias,16
Guadalajara, Ávila,9
Guadalajara, Badajoz,23
Guadalajara, Balears_ Illes,13
Guadalajara, Barcelona,53
Guadalajara, Bizkaia,10
Guadalajara, Burgos,5
Guadalajara, Cáceres,44
Guadalajara, Cádiz,27
Guadalajara, Cantabria,11
Guadalajara, Castellón_Castelló,9
Guadalajara, Ciudad Real,35
Guadalajara, Córdoba,33
Guadalajara, Coruña_ A,18
Guadalajara, Cuenca,47
Guadalajara, Gipuzkoa,10
Guadalajara, Girona,10
Guadalajara, Granada,27
Guadalajara, Guadalajara, 
Guadalajara, Huelva,19
Guadalajara, Huesca,3
Guadalajara, Jaén,12
Guadalajara, León,8
Guadalajara, Lleida,10
Guadalajara, Lugo,3
Guadalajara, Madrid,1863
Guadalajara, Málaga,35
Guadalajara, Murcia,19
Guadalajara, Navarra,6
Guadalajara, Ourense,9
Guadalajara, Palencia,4
Guadalajara, Palmas_ Las,20
Guadalajara, Pontevedra,11
Guadalajara, Rioja_ La,7
Guadalajara, Salamanca,10
Guadalajara, Santa Cruz de Tenerife,9
Guadalajara, Segovia,9
Guadalajara, Sevilla,30
Guadalajara, Soria,9
Guadalajara, Tarragona,16
Guadalajara, Teruel,13
Guadalajara, Toledo,78
Guadalajara, Valencia_València,38
Guadalajara, Valladolid,14
Guadalajara, Zamora,6
Guadalajara, Zaragoza,24
Guadalajara, Ceuta,6
Guadalajara, Melilla, 
Huelva, Albacete,16
Huelva, Alicante_Alacant,33
Huelva, Almería,69
Huelva, Araba_Álava,1
Huelva, Asturias,14
Huelva, Ávila,1
Huelva, Badajoz,89
Huelva, Balears_ Illes,51
Huelva, Barcelona,95
Huelva, Bizkaia,11
Huelva, Burgos,12
Huelva, Cáceres,29
Huelva, Cádiz,111
Huelva, Cantabria,8
Huelva, Castellón_Castelló,8
Huelva, Ciudad Real,25
Huelva, Córdoba,92
Huelva, Coruña_ A,14
Huelva, Cuenca,7
Huelva, Gipuzkoa,6
Huelva, Girona,11
Huelva, Granada,71
Huelva, Guadalajara,8
Huelva, Huelva, 
Huelva, Huesca,19
Huelva, Jaén,37
Huelva, León,11
Huelva, Lleida,29
Huelva, Lugo,2
Huelva, Madrid,154
Huelva, Málaga,96
Huelva, Murcia,31
Huelva, Navarra,9
Huelva, Ourense,7
Huelva, Palencia, 
Huelva, Palmas_ Las,65
Huelva, Pontevedra,11
Huelva, Rioja_ La,11
Huelva, Salamanca,8
Huelva, Santa Cruz de Tenerife,31
Huelva, Segovia,18
Huelva, Sevilla,630
Huelva, Soria,4
Huelva, Tarragona,18
Huelva, Teruel,8
Huelva, Toledo,23
Huelva, Valencia_València,38
Huelva, Valladolid,15
Huelva, Zamora,1
Huelva, Zaragoza,25
Huelva, Ceuta,6
Huelva, Melilla,8
Huesca, Albacete,5
Huesca, Alicante_Alacant,36
Huesca, Almería,24
Huesca, Araba_Álava,5
Huesca, Asturias,13
Huesca, Ávila,5
Huesca, Badajoz,9
Huesca, Balears_ Illes,33
Huesca, Barcelona,203
Huesca, Bizkaia,13
Huesca, Burgos,8
Huesca, Cáceres,8
Huesca, Cádiz,14
Huesca, Cantabria,6
Huesca, Castellón_Castelló,33
Huesca, Ciudad Real,8
Huesca, Córdoba,7
Huesca, Coruña_ A,10
Huesca, Cuenca,4
Huesca, Gipuzkoa,15
Huesca, Girona,25
Huesca, Granada,19
Huesca, Guadalajara,10
Huesca, Huelva,7
Huesca, Huesca, 
Huesca, Jaén,23
Huesca, León,8
Huesca, Lleida,186
Huesca, Lugo,3
Huesca, Madrid,121
Huesca, Málaga,15
Huesca, Murcia,28
Huesca, Navarra,45
Huesca, Ourense,2
Huesca, Palencia,4
Huesca, Palmas_ Las,16
Huesca, Pontevedra,10
Huesca, Rioja_ La,18
Huesca, Salamanca,7
Huesca, Santa Cruz de Tenerife,14
Huesca, Segovia,2
Huesca, Sevilla,18
Huesca, Soria,6
Huesca, Tarragona,54
Huesca, Teruel,23
Huesca, Toledo,12
Huesca, Valencia_València,69
Huesca, Valladolid,9
Huesca, Zamora,5
Huesca, Zaragoza,318
Huesca, Ceuta,2
Huesca, Melilla,3
Jaén, Albacete,31
Jaén, Alicante_Alacant,82
Jaén, Almería,103
Jaén, Araba_Álava, 
Jaén, Asturias,9
Jaén, Ávila,1
Jaén, Badajoz,19
Jaén, Balears_ Illes,103
Jaén, Barcelona,143
Jaén, Bizkaia,13
Jaén, Burgos,2
Jaén, Cáceres,10
Jaén, Cádiz,68
Jaén, Cantabria,5
Jaén, Castellón_Castelló,21
Jaén, Ciudad Real,64
Jaén, Córdoba,157
Jaén, Coruña_ A,5
Jaén, Cuenca,8
Jaén, Gipuzkoa,6
Jaén, Girona,32
Jaén, Granada,245
Jaén, Guadalajara,11
Jaén, Huelva,30
Jaén, Huesca,6
Jaén, Jaén, 
Jaén, León,4
Jaén, Lleida,20
Jaén, Lugo,1
Jaén, Madrid,194
Jaén, Málaga,166
Jaén, Murcia,69
Jaén, Navarra,18
Jaén, Ourense,3
Jaén, Palencia,3
Jaén, Palmas_ Las,30
Jaén, Pontevedra,8
Jaén, Rioja_ La,11
Jaén, Salamanca,3
Jaén, Santa Cruz de Tenerife,16
Jaén, Segovia,2
Jaén, Sevilla,81
Jaén, Soria,1
Jaén, Tarragona,21
Jaén, Teruel,6
Jaén, Toledo,35
Jaén, Valencia_València,63
Jaén, Valladolid,4
Jaén, Zamora,3
Jaén, Zaragoza,18
Jaén, Ceuta,16
Jaén, Melilla,8
León, Albacete,4
León, Alicante_Alacant,41
León, Almería,17
León, Araba_Álava,12
León, Asturias,241
León, Ávila,16
León, Badajoz,7
León, Balears_ Illes,50
León, Barcelona,107
León, Bizkaia,58
León, Burgos,40
León, Cáceres,14
León, Cádiz,11
León, Cantabria,52
León, Castellón_Castelló,13
León, Ciudad Real,11
León, Córdoba,9
León, Coruña_ A,63
León, Cuenca,2
León, Gipuzkoa,13
León, Girona,10
León, Granada,12
León, Guadalajara,6
León, Huelva,5
León, Huesca,5
León, Jaén,5
León, León, 
León, Lleida,6
León, Lugo,41
León, Madrid,296
León, Málaga,25
León, Murcia,19
León, Navarra,25
León, Ourense,55
León, Palencia,70
León, Palmas_ Las,41
León, Pontevedra,39
León, Rioja_ La,8
León, Salamanca,37
León, Santa Cruz de Tenerife,19
León, Segovia,13
León, Sevilla,34
León, Soria,7
León, Tarragona,13
León, Teruel,1
León, Toledo,23
León, Valencia_València,51
León, Valladolid,130
León, Zamora,97
León, Zaragoza,29
León, Ceuta,2
León, Melilla,1
Lleida, Albacete,16
Lleida, Alicante_Alacant,46
Lleida, Almería,44
Lleida, Araba_Álava,11
Lleida, Asturias,13
Lleida, Ávila,5
Lleida, Badajoz,17
Lleida, Balears_ Illes,36
Lleida, Barcelona,1055
Lleida, Bizkaia,16
Lleida, Burgos,18
Lleida, Cáceres,8
Lleida, Cádiz,12
Lleida, Cantabria,12
Lleida, Castellón_Castelló,76
Lleida, Ciudad Real,10
Lleida, Córdoba,18
Lleida, Coruña_ A,14
Lleida, Cuenca,4
Lleida, Gipuzkoa,17
Lleida, Girona,109
Lleida, Granada,30
Lleida, Guadalajara,10
Lleida, Huelva,40
Lleida, Huesca,239
Lleida, Jaén,31
Lleida, León,4
Lleida, Lleida, 
Lleida, Lugo,3
Lleida, Madrid,101
Lleida, Málaga,28
Lleida, Murcia,49
Lleida, Navarra,22
Lleida, Ourense,4
Lleida, Palencia,4
Lleida, Palmas_ Las,23
Lleida, Pontevedra,24
Lleida, Rioja_ La,10
Lleida, Salamanca,6
Lleida, Santa Cruz de Tenerife,22
Lleida, Segovia,15
Lleida, Sevilla,27
Lleida, Soria,8
Lleida, Tarragona,258
Lleida, Teruel,9
Lleida, Toledo,12
Lleida, Valencia_València,121
Lleida, Valladolid,10
Lleida, Zamora,2
Lleida, Zaragoza,129
Lleida, Ceuta,1
Lleida, Melilla,16
Lugo, Albacete,3
Lugo, Alicante_Alacant,22
Lugo, Almería,9
Lugo, Araba_Álava,2
Lugo, Asturias,147
Lugo, Ávila,1
Lugo, Badajoz,6
Lugo, Balears_ Illes,25
Lugo, Barcelona,155
Lugo, Bizkaia,37
Lugo, Burgos,6
Lugo, Cáceres,4
Lugo, Cádiz,10
Lugo, Cantabria,21
Lugo, Castellón_Castelló,8
Lugo, Ciudad Real,6
Lugo, Córdoba,3
Lugo, Coruña_ A,399
Lugo, Cuenca,2
Lugo, Gipuzkoa,11
Lugo, Girona,19
Lugo, Granada,13
Lugo, Guadalajara,6
Lugo, Huelva,5
Lugo, Huesca,1
Lugo, Jaén,5
Lugo, León,50
Lugo, Lleida,6
Lugo, Lugo, 
Lugo, Madrid,152
Lugo, Málaga,10
Lugo, Murcia,14
Lugo, Navarra,14
Lugo, Ourense,130
Lugo, Palencia,6
Lugo, Palmas_ Las,22
Lugo, Pontevedra,199
Lugo, Rioja_ La,5
Lugo, Salamanca,7
Lugo, Santa Cruz de Tenerife,9
Lugo, Segovia,2
Lugo, Sevilla,4
Lugo, Soria,3
Lugo, Tarragona,19
Lugo, Teruel,6
Lugo, Toledo,23
Lugo, Valencia_València,20
Lugo, Valladolid,6
Lugo, Zamora,11
Lugo, Zaragoza,13
Lugo, Ceuta,3
Lugo, Melilla,1
Madrid, Albacete,396
Madrid, Alicante_Alacant,1488
Madrid, Almería,530
Madrid, Araba_Álava,167
Madrid, Asturias,951
Madrid, Ávila,919
Madrid, Badajoz,853
Madrid, Balears_ Illes,869
Madrid, Barcelona,2034
Madrid, Bizkaia,619
Madrid, Burgos,470
Madrid, Cáceres,971
Madrid, Cádiz,1038
Madrid, Cantabria,510
Madrid, Castellón_Castelló,269
Madrid, Ciudad Real,1132
Madrid, Córdoba,622
Madrid, Coruña_ A,688
Madrid, Cuenca,615
Madrid, Gipuzkoa,330
Madrid, Girona,179
Madrid, Granada,771
Madrid, Guadalajara,1820
Madrid, Huelva,301
Madrid, Huesca,145
Madrid, Jaén,707
Madrid, León,582
Madrid, Lleida,95
Madrid, Lugo,188
Madrid, Madrid, 
Madrid, Málaga,1338
Madrid, Murcia,899
Madrid, Navarra,416
Madrid, Ourense,233
Madrid, Palencia,150
Madrid, Palmas_ Las,840
Madrid, Pontevedra,588
Madrid, Rioja_ La,228
Madrid, Salamanca,609
Madrid, Santa Cruz de Tenerife,653
Madrid, Segovia,674
Madrid, Sevilla,1378
Madrid, Soria,146
Madrid, Tarragona,232
Madrid, Teruel,54
Madrid, Toledo,4461
Madrid, Valencia_València,1401
Madrid, Valladolid,625
Madrid, Zamora,322
Madrid, Zaragoza,679
Madrid, Ceuta,90
Madrid, Melilla,100
Málaga, Albacete,28
Málaga, Alicante_Alacant,213
Málaga, Almería,302
Málaga, Araba_Álava,25
Málaga, Asturias,77
Málaga, Ávila,18
Málaga, Badajoz,119
Málaga, Balears_ Illes,201
Málaga, Barcelona,577
Málaga, Bizkaia,83
Málaga, Burgos,17
Málaga, Cáceres,58
Málaga, Cádiz,821
Málaga, Cantabria,35
Málaga, Castellón_Castelló,27
Málaga, Ciudad Real,91
Málaga, Córdoba,724
Málaga, Coruña_ A,70
Málaga, Cuenca,17
Málaga, Gipuzkoa,38
Málaga, Girona,103
Málaga, Granada,800
Málaga, Guadalajara,35
Málaga, Huelva,100
Málaga, Huesca,13
Málaga, Jaén,429
Málaga, León,64
Málaga, Lleida,41
Málaga, Lugo,16
Málaga, Madrid,1086
Málaga, Málaga, 
Málaga, Murcia,151
Málaga, Navarra,34
Málaga, Ourense,11
Málaga, Palencia,13
Málaga, Palmas_ Las,212
Málaga, Pontevedra,60
Málaga, Rioja_ La,26
Málaga, Salamanca,58
Málaga, Santa Cruz de Tenerife,171
Málaga, Segovia,12
Málaga, Sevilla,636
Málaga, Soria,6
Málaga, Tarragona,63
Málaga, Teruel,12
Málaga, Toledo,63
Málaga, Valencia_València,178
Málaga, Valladolid,54
Málaga, Zamora,13
Málaga, Zaragoza,73
Málaga, Ceuta,162
Málaga, Melilla,225
Murcia, Albacete,277
Murcia, Alicante_Alacant,1389
Murcia, Almería,486
Murcia, Araba_Álava,26
Murcia, Asturias,56
Murcia, Ávila,20
Murcia, Badajoz,27
Murcia, Balears_ Illes,153
Murcia, Barcelona,339
Murcia, Bizkaia,42
Murcia, Burgos,31
Murcia, Cáceres,47
Murcia, Cádiz,166
Murcia, Cantabria,37
Murcia, Castellón_Castelló,70
Murcia, Ciudad Real,93
Murcia, Córdoba,70
Murcia, Coruña_ A,72
Murcia, Cuenca,49
Murcia, Gipuzkoa,29
Murcia, Girona,54
Murcia, Granada,295
Murcia, Guadalajara,27
Murcia, Huelva,55
Murcia, Huesca,23
Murcia, Jaén,169
Murcia, León,40
Murcia, Lleida,42
Murcia, Lugo,9
Murcia, Madrid,677
Murcia, Málaga,132
Murcia, Murcia, 
Murcia, Navarra,51
Murcia, Ourense,6
Murcia, Palencia,8
Murcia, Palmas_ Las,77
Murcia, Pontevedra,43
Murcia, Rioja_ La,15
Murcia, Salamanca,19
Murcia, Santa Cruz de Tenerife,58
Murcia, Segovia,12
Murcia, Sevilla,92
Murcia, Soria,11
Murcia, Tarragona,83
Murcia, Teruel,17
Murcia, Toledo,81
Murcia, Valencia_València,347
Murcia, Valladolid,28
Murcia, Zamora,10
Murcia, Zaragoza,93
Murcia, Ceuta,19
Murcia, Melilla,48
Navarra, Albacete,18
Navarra, Alicante_Alacant,107
Navarra, Almería,39
Navarra, Araba_Álava,88
Navarra, Asturias,49
Navarra, Ávila,15
Navarra, Badajoz,23
Navarra, Balears_ Illes,35
Navarra, Barcelona,197
Navarra, Bizkaia,143
Navarra, Burgos,34
Navarra, Cáceres,24
Navarra, Cádiz,51
Navarra, Cantabria,40
Navarra, Castellón_Castelló,37
Navarra, Ciudad Real,27
Navarra, Córdoba,17
Navarra, Coruña_ A,31
Navarra, Cuenca,12
Navarra, Gipuzkoa,351
Navarra, Girona,27
Navarra, Granada,41
Navarra, Guadalajara,12
Navarra, Huelva,19
Navarra, Huesca,59
Navarra, Jaén,50
Navarra, León,37
Navarra, Lleida,36
Navarra, Lugo,12
Navarra, Madrid,290
Navarra, Málaga,74
Navarra, Murcia,124
Navarra, Navarra, 
Navarra, Ourense,5
Navarra, Palencia,12
Navarra, Palmas_ Las,36
Navarra, Pontevedra,13
Navarra, Rioja_ La,314
Navarra, Salamanca,26
Navarra, Santa Cruz de Tenerife,18
Navarra, Segovia,6
Navarra, Sevilla,58
Navarra, Soria,40
Navarra, Tarragona,50
Navarra, Teruel,13
Navarra, Toledo,43
Navarra, Valencia_València,106
Navarra, Valladolid,26
Navarra, Zamora,11
Navarra, Zaragoza,271
Navarra, Ceuta,6
Navarra, Melilla,3
Ourense, Albacete, 
Ourense, Alicante_Alacant,28
Ourense, Almería,8
Ourense, Araba_Álava,12
Ourense, Asturias,29
Ourense, Ávila,1
Ourense, Badajoz,5
Ourense, Balears_ Illes,16
Ourense, Barcelona,101
Ourense, Bizkaia,40
Ourense, Burgos,8
Ourense, Cáceres,6
Ourense, Cádiz,8
Ourense, Cantabria,9
Ourense, Castellón_Castelló,8
Ourense, Ciudad Real,1
Ourense, Córdoba,2
Ourense, Coruña_ A,206
Ourense, Cuenca,4
Ourense, Gipuzkoa,18
Ourense, Girona,10
Ourense, Granada,12
Ourense, Guadalajara,5
Ourense, Huelva,8
Ourense, Huesca,2
Ourense, Jaén,2
Ourense, León,62
Ourense, Lleida,13
Ourense, Lugo,140
Ourense, Madrid,148
Ourense, Málaga,17
Ourense, Murcia,8
Ourense, Navarra,9
Ourense, Ourense, 
Ourense, Palencia,3
Ourense, Palmas_ Las,25
Ourense, Pontevedra,337
Ourense, Rioja_ La,3
Ourense, Salamanca,8
Ourense, Santa Cruz de Tenerife,23
Ourense, Segovia, 
Ourense, Sevilla,10
Ourense, Soria,2
Ourense, Tarragona,15
Ourense, Teruel, 
Ourense, Toledo,12
Ourense, Valencia_València,23
Ourense, Valladolid,12
Ourense, Zamora,20
Ourense, Zaragoza,12
Ourense, Ceuta,1
Ourense, Melilla,1
Palencia, Albacete, 
Palencia, Alicante_Alacant,10
Palencia, Almería, 
Palencia, Araba_Álava,7
Palencia, Asturias,31
Palencia, Ávila,14
Palencia, Badajoz,3
Palencia, Balears_ Illes,15
Palencia, Barcelona,31
Palencia, Bizkaia,42
Palencia, Burgos,59
Palencia, Cáceres,7
Palencia, Cádiz,13
Palencia, Cantabria,62
Palencia, Castellón_Castelló,4
Palencia, Ciudad Real,6
Palencia, Córdoba,4
Palencia, Coruña_ A,7
Palencia, Cuenca,1
Palencia, Gipuzkoa,14
Palencia, Girona,5
Palencia, Granada,1
Palencia, Guadalajara,1
Palencia, Huelva,2
Palencia, Huesca,1
Palencia, Jaén,1
Palencia, León,51
Palencia, Lleida, 
Palencia, Lugo,3
Palencia, Madrid,74
Palencia, Málaga,7
Palencia, Murcia,9
Palencia, Navarra,7
Palencia, Ourense,5
Palencia, Palencia, 
Palencia, Palmas_ Las,7
Palencia, Pontevedra,8
Palencia, Rioja_ La,7
Palencia, Salamanca,10
Palencia, Santa Cruz de Tenerife,8
Palencia, Segovia,14
Palencia, Sevilla,5
Palencia, Soria,10
Palencia, Tarragona,5
Palencia, Teruel,1
Palencia, Toledo,6
Palencia, Valencia_València,15
Palencia, Valladolid,148
Palencia, Zamora,19
Palencia, Zaragoza,6
Palencia, Ceuta, 
Palencia, Melilla,11
Palmas_ Las, Albacete,48
Palmas_ Las, Alicante_Alacant,152
Palmas_ Las, Almería,49
Palmas_ Las, Araba_Álava,25
Palmas_ Las, Asturias,94
Palmas_ Las, Ávila,13
Palmas_ Las, Badajoz,77
Palmas_ Las, Balears_ Illes,193
Palmas_ Las, Barcelona,329
Palmas_ Las, Bizkaia,69
Palmas_ Las, Burgos,18
Palmas_ Las, Cáceres,43
Palmas_ Las, Cádiz,296
Palmas_ Las, Cantabria,62
Palmas_ Las, Castellón_Castelló,35
Palmas_ Las, Ciudad Real,40
Palmas_ Las, Córdoba,100
Palmas_ Las, Coruña_ A,192
Palmas_ Las, Cuenca,6
Palmas_ Las, Gipuzkoa,44
Palmas_ Las, Girona,50
Palmas_ Las, Granada,110
Palmas_ Las, Guadalajara,21
Palmas_ Las, Huelva,44
Palmas_ Las, Huesca,11
Palmas_ Las, Jaén,57
Palmas_ Las, León,45
Palmas_ Las, Lleida,37
Palmas_ Las, Lugo,23
Palmas_ Las, Madrid,750
Palmas_ Las, Málaga,199
Palmas_ Las, Murcia,89
Palmas_ Las, Navarra,34
Palmas_ Las, Ourense,49
Palmas_ Las, Palencia,26
Palmas_ Las, Palmas_ Las, 
Palmas_ Las, Pontevedra,200
Palmas_ Las, Rioja_ La,15
Palmas_ Las, Salamanca,42
Palmas_ Las, Santa Cruz de Tenerife,746
Palmas_ Las, Segovia,19
Palmas_ Las, Sevilla,306
Palmas_ Las, Soria,15
Palmas_ Las, Tarragona,53
Palmas_ Las, Teruel,8
Palmas_ Las, Toledo,92
Palmas_ Las, Valencia_València,134
Palmas_ Las, Valladolid,37
Palmas_ Las, Zamora,10
Palmas_ Las, Zaragoza,73
Palmas_ Las, Ceuta,18
Palmas_ Las, Melilla,66
Pontevedra, Albacete,5
Pontevedra, Alicante_Alacant,42
Pontevedra, Almería,11
Pontevedra, Araba_Álava,14
Pontevedra, Asturias,65
Pontevedra, Ávila,6
Pontevedra, Badajoz,25
Pontevedra, Balears_ Illes,73
Pontevedra, Barcelona,166
Pontevedra, Bizkaia,28
Pontevedra, Burgos,19
Pontevedra, Cáceres,11
Pontevedra, Cádiz,42
Pontevedra, Cantabria,26
Pontevedra, Castellón_Castelló,14
Pontevedra, Ciudad Real,13
Pontevedra, Córdoba,11
Pontevedra, Coruña_ A,766
Pontevedra, Cuenca, 
Pontevedra, Gipuzkoa,17
Pontevedra, Girona,15
Pontevedra, Granada,20
Pontevedra, Guadalajara,8
Pontevedra, Huelva,18
Pontevedra, Huesca,12
Pontevedra, Jaén,9
Pontevedra, León,99
Pontevedra, Lleida,9
Pontevedra, Lugo,183
Pontevedra, Madrid,374
Pontevedra, Málaga,44
Pontevedra, Murcia,41
Pontevedra, Navarra,15
Pontevedra, Ourense,418
Pontevedra, Palencia,6
Pontevedra, Palmas_ Las,167
Pontevedra, Pontevedra, 
Pontevedra, Rioja_ La,14
Pontevedra, Salamanca,17
Pontevedra, Santa Cruz de Tenerife,100
Pontevedra, Segovia,3
Pontevedra, Sevilla,25
Pontevedra, Soria,7
Pontevedra, Tarragona,22
Pontevedra, Teruel, 
Pontevedra, Toledo,23
Pontevedra, Valencia_València,50
Pontevedra, Valladolid,38
Pontevedra, Zamora,24
Pontevedra, Zaragoza,22
Pontevedra, Ceuta,3
Pontevedra, Melilla,4
Rioja_ La, Albacete,11
Rioja_ La, Alicante_Alacant,55
Rioja_ La, Almería,12
Rioja_ La, Araba_Álava,137
Rioja_ La, Asturias,45
Rioja_ La, Ávila,5
Rioja_ La, Badajoz,11
Rioja_ La, Balears_ Illes,15
Rioja_ La, Barcelona,82
Rioja_ La, Bizkaia,101
Rioja_ La, Burgos,69
Rioja_ La, Cáceres,10
Rioja_ La, Cádiz,19
Rioja_ La, Cantabria,37
Rioja_ La, Castellón_Castelló,14
Rioja_ La, Ciudad Real,11
Rioja_ La, Córdoba,9
Rioja_ La, Coruña_ A,6
Rioja_ La, Cuenca,4
Rioja_ La, Gipuzkoa,62
Rioja_ La, Girona,6
Rioja_ La, Granada,13
Rioja_ La, Guadalajara,7
Rioja_ La, Huelva,21
Rioja_ La, Huesca,15
Rioja_ La, Jaén,17
Rioja_ La, León,22
Rioja_ La, Lleida,16
Rioja_ La, Lugo,6
Rioja_ La, Madrid,141
Rioja_ La, Málaga,24
Rioja_ La, Murcia,20
Rioja_ La, Navarra,267
Rioja_ La, Ourense,10
Rioja_ La, Palencia,9
Rioja_ La, Palmas_ Las,15
Rioja_ La, Pontevedra,14
Rioja_ La, Rioja_ La, 
Rioja_ La, Salamanca,22
Rioja_ La, Santa Cruz de Tenerife,14
Rioja_ La, Segovia,7
Rioja_ La, Sevilla,24
Rioja_ La, Soria,21
Rioja_ La, Tarragona,13
Rioja_ La, Teruel,11
Rioja_ La, Toledo,11
Rioja_ La, Valencia_València,46
Rioja_ La, Valladolid,21
Rioja_ La, Zamora,15
Rioja_ La, Zaragoza,96
Rioja_ La, Ceuta,4
Rioja_ La, Melilla,1
Salamanca, Albacete,2
Salamanca, Alicante_Alacant,24
Salamanca, Almería,13
Salamanca, Araba_Álava,11
Salamanca, Asturias,20
Salamanca, Ávila,86
Salamanca, Badajoz,28
Salamanca, Balears_ Illes,32
Salamanca, Barcelona,48
Salamanca, Bizkaia,42
Salamanca, Burgos,37
Salamanca, Cáceres,124
Salamanca, Cádiz,17
Salamanca, Cantabria,21
Salamanca, Castellón_Castelló,12
Salamanca, Ciudad Real,14
Salamanca, Córdoba,5
Salamanca, Coruña_ A,16
Salamanca, Cuenca,1
Salamanca, Gipuzkoa,27
Salamanca, Girona,10
Salamanca, Granada,11
Salamanca, Guadalajara,6
Salamanca, Huelva,3
Salamanca, Huesca,3
Salamanca, Jaén,10
Salamanca, León,43
Salamanca, Lleida,3
Salamanca, Lugo,4
Salamanca, Madrid,281
Salamanca, Málaga,29
Salamanca, Murcia,21
Salamanca, Navarra,11
Salamanca, Ourense,5
Salamanca, Palencia,19
Salamanca, Palmas_ Las,25
Salamanca, Pontevedra,27
Salamanca, Rioja_ La,11
Salamanca, Salamanca, 
Salamanca, Santa Cruz de Tenerife,13
Salamanca, Segovia,12
Salamanca, Sevilla,22
Salamanca, Soria,6
Salamanca, Tarragona,8
Salamanca, Teruel, 
Salamanca, Toledo,22
Salamanca, Valencia_València,23
Salamanca, Valladolid,89
Salamanca, Zamora,125
Salamanca, Zaragoza,14
Salamanca, Ceuta,2
Salamanca, Melilla,1
Santa Cruz de Tenerife, Albacete,20
Santa Cruz de Tenerife, Alicante_Alacant,106
Santa Cruz de Tenerife, Almería,38
Santa Cruz de Tenerife, Araba_Álava,14
Santa Cruz de Tenerife, Asturias,90
Santa Cruz de Tenerife, Ávila,15
Santa Cruz de Tenerife, Badajoz,48
Santa Cruz de Tenerife, Balears_ Illes,159
Santa Cruz de Tenerife, Barcelona,325
Santa Cruz de Tenerife, Bizkaia,46
Santa Cruz de Tenerife, Burgos,24
Santa Cruz de Tenerife, Cáceres,30
Santa Cruz de Tenerife, Cádiz,139
Santa Cruz de Tenerife, Cantabria,47
Santa Cruz de Tenerife, Castellón_Castelló,24
Santa Cruz de Tenerife, Ciudad Real,21
Santa Cruz de Tenerife, Córdoba,51
Santa Cruz de Tenerife, Coruña_ A,109
Santa Cruz de Tenerife, Cuenca,12
Santa Cruz de Tenerife, Gipuzkoa,32
Santa Cruz de Tenerife, Girona,29
Santa Cruz de Tenerife, Granada,95
Santa Cruz de Tenerife, Guadalajara,21
Santa Cruz de Tenerife, Huelva,34
Santa Cruz de Tenerife, Huesca,11
Santa Cruz de Tenerife, Jaén,28
Santa Cruz de Tenerife, León,28
Santa Cruz de Tenerife, Lleida,15
Santa Cruz de Tenerife, Lugo,16
Santa Cruz de Tenerife, Madrid,633
Santa Cruz de Tenerife, Málaga,157
Santa Cruz de Tenerife, Murcia,81
Santa Cruz de Tenerife, Navarra,26
Santa Cruz de Tenerife, Ourense,29
Santa Cruz de Tenerife, Palencia,11
Santa Cruz de Tenerife, Palmas_ Las,791
Santa Cruz de Tenerife, Pontevedra,115
Santa Cruz de Tenerife, Rioja_ La,14
Santa Cruz de Tenerife, Salamanca,26
Santa Cruz de Tenerife, Santa Cruz de Tenerife, 
Santa Cruz de Tenerife, Segovia,8
Santa Cruz de Tenerife, Sevilla,175
Santa Cruz de Tenerife, Soria,3
Santa Cruz de Tenerife, Tarragona,36
Santa Cruz de Tenerife, Teruel,4
Santa Cruz de Tenerife, Toledo,40
Santa Cruz de Tenerife, Valencia_València,99
Santa Cruz de Tenerife, Valladolid,30
Santa Cruz de Tenerife, Zamora,13
Santa Cruz de Tenerife, Zaragoza,51
Santa Cruz de Tenerife, Ceuta,18
Santa Cruz de Tenerife, Melilla,23
Segovia, Albacete,5
Segovia, Alicante_Alacant,17
Segovia, Almería,9
Segovia, Araba_Álava,2
Segovia, Asturias,8
Segovia, Ávila,35
Segovia, Badajoz,10
Segovia, Balears_ Illes,6
Segovia, Barcelona,6
Segovia, Bizkaia,7
Segovia, Burgos,53
Segovia, Cáceres,15
Segovia, Cádiz,12
Segovia, Cantabria,8
Segovia, Castellón_Castelló,5
Segovia, Ciudad Real,3
Segovia, Córdoba,6
Segovia, Coruña_ A,4
Segovia, Cuenca,2
Segovia, Gipuzkoa,10
Segovia, Girona,2
Segovia, Granada,8
Segovia, Guadalajara,13
Segovia, Huelva,10
Segovia, Huesca,4
Segovia, Jaén,5
Segovia, León,20
Segovia, Lleida,3
Segovia, Lugo,1
Segovia, Madrid,382
Segovia, Málaga,14
Segovia, Murcia,19
Segovia, Navarra, 
Segovia, Ourense,3
Segovia, Palencia,10
Segovia, Palmas_ Las,11
Segovia, Pontevedra,11
Segovia, Rioja_ La,4
Segovia, Salamanca,17
Segovia, Santa Cruz de Tenerife,14
Segovia, Segovia, 
Segovia, Sevilla,14
Segovia, Soria,7
Segovia, Tarragona,3
Segovia, Teruel,7
Segovia, Toledo,29
Segovia, Valencia_València,21
Segovia, Valladolid,107
Segovia, Zamora,7
Segovia, Zaragoza,14
Segovia, Ceuta,4
Segovia, Melilla,3
Sevilla, Albacete,16
Sevilla, Alicante_Alacant,101
Sevilla, Almería,88
Sevilla, Araba_Álava,21
Sevilla, Asturias,37
Sevilla, Ávila,7
Sevilla, Badajoz,314
Sevilla, Balears_ Illes,240
Sevilla, Barcelona,403
Sevilla, Bizkaia,49
Sevilla, Burgos,16
Sevilla, Cáceres,55
Sevilla, Cádiz,792
Sevilla, Cantabria,24
Sevilla, Castellón_Castelló,26
Sevilla, Ciudad Real,45
Sevilla, Córdoba,405
Sevilla, Coruña_ A,30
Sevilla, Cuenca,9
Sevilla, Gipuzkoa,25
Sevilla, Girona,50
Sevilla, Granada,210
Sevilla, Guadalajara,18
Sevilla, Huelva,794
Sevilla, Huesca,17
Sevilla, Jaén,191
Sevilla, León,23
Sevilla, Lleida,25
Sevilla, Lugo,15
Sevilla, Madrid,606
Sevilla, Málaga,503
Sevilla, Murcia,76
Sevilla, Navarra,35
Sevilla, Ourense,8
Sevilla, Palencia,8
Sevilla, Palmas_ Las,182
Sevilla, Pontevedra,26
Sevilla, Rioja_ La,7
Sevilla, Salamanca,41
Sevilla, Santa Cruz de Tenerife,141
Sevilla, Segovia,16
Sevilla, Sevilla, 
Sevilla, Soria,5
Sevilla, Tarragona,48
Sevilla, Teruel,9
Sevilla, Toledo,71
Sevilla, Valencia_València,122
Sevilla, Valladolid,25
Sevilla, Zamora,12
Sevilla, Zaragoza,64
Sevilla, Ceuta,47
Sevilla, Melilla,28
Soria, Albacete,3
Soria, Alicante_Alacant,15
Soria, Almería,8
Soria, Araba_Álava,2
Soria, Asturias,4
Soria, Ávila,5
Soria, Badajoz,8
Soria, Balears_ Illes,7
Soria, Barcelona,38
Soria, Bizkaia,9
Soria, Burgos,37
Soria, Cáceres,5
Soria, Cádiz,1
Soria, Cantabria,5
Soria, Castellón_Castelló,1
Soria, Ciudad Real,1
Soria, Córdoba,9
Soria, Coruña_ A,2
Soria, Cuenca,5
Soria, Gipuzkoa,3
Soria, Girona,5
Soria, Granada,8
Soria, Guadalajara,10
Soria, Huelva,2
Soria, Huesca,5
Soria, Jaén,5
Soria, León,6
Soria, Lleida,5
Soria, Lugo,2
Soria, Madrid,112
Soria, Málaga,9
Soria, Murcia,6
Soria, Navarra,24
Soria, Ourense,2
Soria, Palencia,5
Soria, Palmas_ Las,12
Soria, Pontevedra,1
Soria, Rioja_ La,14
Soria, Salamanca,13
Soria, Santa Cruz de Tenerife,4
Soria, Segovia,6
Soria, Sevilla,4
Soria, Soria, 
Soria, Tarragona,9
Soria, Teruel,6
Soria, Toledo,3
Soria, Valencia_València,10
Soria, Valladolid,14
Soria, Zamora,3
Soria, Zaragoza,61
Soria, Ceuta, 
Soria, Melilla,2
Tarragona, Albacete,29
Tarragona, Alicante_Alacant,100
Tarragona, Almería,41
Tarragona, Araba_Álava,15
Tarragona, Asturias,28
Tarragona, Ávila,3
Tarragona, Badajoz,26
Tarragona, Balears_ Illes,113
Tarragona, Barcelona,3163
Tarragona, Bizkaia,25
Tarragona, Burgos,24
Tarragona, Cáceres,27
Tarragona, Cádiz,49
Tarragona, Cantabria,25
Tarragona, Castellón_Castelló,187
Tarragona, Ciudad Real,43
Tarragona, Córdoba,58
Tarragona, Coruña_ A,25
Tarragona, Cuenca,13
Tarragona, Gipuzkoa,25
Tarragona, Girona,179
Tarragona, Granada,70
Tarragona, Guadalajara,11
Tarragona, Huelva,14
Tarragona, Huesca,63
Tarragona, Jaén,74
Tarragona, León,26
Tarragona, Lleida,372
Tarragona, Lugo,15
Tarragona, Madrid,187
Tarragona, Málaga,81
Tarragona, Murcia,78
Tarragona, Navarra,36
Tarragona, Ourense,15
Tarragona, Palencia,8
Tarragona, Palmas_ Las,58
Tarragona, Pontevedra,24
Tarragona, Rioja_ La,22
Tarragona, Salamanca,23
Tarragona, Santa Cruz de Tenerife,33
Tarragona, Segovia,12
Tarragona, Sevilla,66
Tarragona, Soria, 
Tarragona, Tarragona, 
Tarragona, Teruel,22
Tarragona, Toledo,41
Tarragona, Valencia_València,190
Tarragona, Valladolid,22
Tarragona, Zamora,15
Tarragona, Zaragoza,109
Tarragona, Ceuta,9
Tarragona, Melilla,41
Teruel, Albacete,6
Teruel, Alicante_Alacant,33
Teruel, Almería,5
Teruel, Araba_Álava,1
Teruel, Asturias,2
Teruel, Ávila, 
Teruel, Badajoz,1
Teruel, Balears_ Illes,11
Teruel, Barcelona,97
Teruel, Bizkaia,4
Teruel, Burgos,5
Teruel, Cáceres,5
Teruel, Cádiz,11
Teruel, Cantabria,3
Teruel, Castellón_Castelló,57
Teruel, Ciudad Real,1
Teruel, Córdoba,3
Teruel, Coruña_ A,1
Teruel, Cuenca,9
Teruel, Gipuzkoa,1
Teruel, Girona,10
Teruel, Granada,5
Teruel, Guadalajara,17
Teruel, Huelva,9
Teruel, Huesca,20
Teruel, Jaén,5
Teruel, León,3
Teruel, Lleida,14
Teruel, Lugo,3
Teruel, Madrid,49
Teruel, Málaga,8
Teruel, Murcia,20
Teruel, Navarra,9
Teruel, Ourense,3
Teruel, Palencia,4
Teruel, Palmas_ Las,4
Teruel, Pontevedra,5
Teruel, Rioja_ La,6
Teruel, Salamanca,1
Teruel, Santa Cruz de Tenerife,14
Teruel, Segovia,3
Teruel, Sevilla,2
Teruel, Soria,5
Teruel, Tarragona,55
Teruel, Teruel, 
Teruel, Toledo,3
Teruel, Valencia_València,129
Teruel, Valladolid,1
Teruel, Zamora, 
Teruel, Zaragoza,197
Teruel, Ceuta, 
Teruel, Melilla,1
Toledo, Albacete,63
Toledo, Alicante_Alacant,113
Toledo, Almería,44
Toledo, Araba_Álava,17
Toledo, Asturias,24
Toledo, Ávila,79
Toledo, Badajoz,71
Toledo, Balears_ Illes,56
Toledo, Barcelona,138
Toledo, Bizkaia,21
Toledo, Burgos,17
Toledo, Cáceres,135
Toledo, Cádiz,54
Toledo, Cantabria,15
Toledo, Castellón_Castelló,29
Toledo, Ciudad Real,270
Toledo, Córdoba,47
Toledo, Coruña_ A,24
Toledo, Cuenca,70
Toledo, Gipuzkoa,16
Toledo, Girona,22
Toledo, Granada,44
Toledo, Guadalajara,58
Toledo, Huelva,28
Toledo, Huesca,13
Toledo, Jaén,48
Toledo, León,28
Toledo, Lleida,9
Toledo, Lugo,11
Toledo, Madrid,4660
Toledo, Málaga,84
Toledo, Murcia,73
Toledo, Navarra,11
Toledo, Ourense,15
Toledo, Palencia,5
Toledo, Palmas_ Las,61
Toledo, Pontevedra,23
Toledo, Rioja_ La,12
Toledo, Salamanca,29
Toledo, Santa Cruz de Tenerife,49
Toledo, Segovia,16
Toledo, Sevilla,69
Toledo, Soria,4
Toledo, Tarragona,19
Toledo, Teruel,8
Toledo, Toledo, 
Toledo, Valencia_València,73
Toledo, Valladolid,19
Toledo, Zamora,13
Toledo, Zaragoza,31
Toledo, Ceuta,7
Toledo, Melilla,31
Valencia_València, Albacete,373
Valencia_València, Alicante_Alacant,1363
Valencia_València, Almería,123
Valencia_València, Araba_Álava,38
Valencia_València, Asturias,84
Valencia_València, Ávila,28
Valencia_València, Badajoz,55
Valencia_València, Balears_ Illes,487
Valencia_València, Barcelona,764
Valencia_València, Bizkaia,86
Valencia_València, Burgos,38
Valencia_València, Cáceres,44
Valencia_València, Cádiz,87
Valencia_València, Cantabria,58
Valencia_València, Castellón_Castelló,925
Valencia_València, Ciudad Real,135
Valencia_València, Córdoba,76
Valencia_València, Coruña_ A,77
Valencia_València, Cuenca,333
Valencia_València, Gipuzkoa,50
Valencia_València, Girona,106
Valencia_València, Granada,108
Valencia_València, Guadalajara,46
Valencia_València, Huelva,66
Valencia_València, Huesca,57
Valencia_València, Jaén,131
Valencia_València, León,60
Valencia_València, Lleida,100
Valencia_València, Lugo,30
Valencia_València, Madrid,1235
Valencia_València, Málaga,195
Valencia_València, Murcia,368
Valencia_València, Navarra,64
Valencia_València, Ourense,20
Valencia_València, Palencia,15
Valencia_València, Palmas_ Las,161
Valencia_València, Pontevedra,64
Valencia_València, Rioja_ La,49
Valencia_València, Salamanca,46
Valencia_València, Santa Cruz de Tenerife,105
Valencia_València, Segovia,40
Valencia_València, Sevilla,171
Valencia_València, Soria,6
Valencia_València, Tarragona,220
Valencia_València, Teruel,172
Valencia_València, Toledo,123
Valencia_València, Valencia_València, 
Valencia_València, Valladolid,87
Valencia_València, Zamora,14
Valencia_València, Zaragoza,223
Valencia_València, Ceuta,33
Valencia_València, Melilla,28
Valladolid, Albacete,12
Valladolid, Alicante_Alacant,82
Valladolid, Almería,15
Valladolid, Araba_Álava,5
Valladolid, Asturias,60
Valladolid, Ávila,60
Valladolid, Badajoz,36
Valladolid, Balears_ Illes,32
Valladolid, Barcelona,86
Valladolid, Bizkaia,37
Valladolid, Burgos,109
Valladolid, Cáceres,40
Valladolid, Cádiz,20
Valladolid, Cantabria,55
Valladolid, Castellón_Castelló,21
Valladolid, Ciudad Real,17
Valladolid, Córdoba,26
Valladolid, Coruña_ A,32
Valladolid, Cuenca,12
Valladolid, Gipuzkoa,23
Valladolid, Girona,13
Valladolid, Granada,10
Valladolid, Guadalajara,6
Valladolid, Huelva,5
Valladolid, Huesca,8
Valladolid, Jaén,15
Valladolid, León,148
Valladolid, Lleida,6
Valladolid, Lugo,17
Valladolid, Madrid,360
Valladolid, Málaga,39
Valladolid, Murcia,28
Valladolid, Navarra,24
Valladolid, Ourense,18
Valladolid, Palencia,171
Valladolid, Palmas_ Las,32
Valladolid, Pontevedra,22
Valladolid, Rioja_ La,15
Valladolid, Salamanca,130
Valladolid, Santa Cruz de Tenerife,39
Valladolid, Segovia,120
Valladolid, Sevilla,41
Valladolid, Soria,35
Valladolid, Tarragona,18
Valladolid, Teruel,2
Valladolid, Toledo,31
Valladolid, Valencia_València,49
Valladolid, Valladolid, 
Valladolid, Zamora,220
Valladolid, Zaragoza,28
Valladolid, Ceuta,3
Valladolid, Melilla,3
Zamora, Albacete, 
Zamora, Alicante_Alacant,4
Zamora, Almería,2
Zamora, Araba_Álava,4
Zamora, Asturias,33
Zamora, Ávila,8
Zamora, Badajoz,4
Zamora, Balears_ Illes,17
Zamora, Barcelona,38
Zamora, Bizkaia,27
Zamora, Burgos,8
Zamora, Cáceres,4
Zamora, Cádiz,1
Zamora, Cantabria,9
Zamora, Castellón_Castelló,3
Zamora, Ciudad Real,4
Zamora, Córdoba,2
Zamora, Coruña_ A,15
Zamora, Cuenca,1
Zamora, Gipuzkoa,17
Zamora, Girona,4
Zamora, Granada,4
Zamora, Guadalajara,7
Zamora, Huelva,2
Zamora, Huesca,4
Zamora, Jaén,4
Zamora, León,75
Zamora, Lleida, 
Zamora, Lugo,8
Zamora, Madrid,151
Zamora, Málaga,7
Zamora, Murcia,10
Zamora, Navarra,5
Zamora, Ourense,10
Zamora, Palencia,9
Zamora, Palmas_ Las,4
Zamora, Pontevedra,7
Zamora, Rioja_ La,6
Zamora, Salamanca,81
Zamora, Santa Cruz de Tenerife,8
Zamora, Segovia,8
Zamora, Sevilla,8
Zamora, Soria,2
Zamora, Tarragona,5
Zamora, Teruel,1
Zamora, Toledo,9
Zamora, Valencia_València,11
Zamora, Valladolid,114
Zamora, Zamora, 
Zamora, Zaragoza,5
Zamora, Ceuta, 
 Zamora, Melilla, 
Zaragoza, Albacete,32
Zaragoza, Alicante_Alacant,104
Zaragoza, Almería,57
Zaragoza, Araba_Álava,35
Zaragoza, Asturias,47
Zaragoza, Ávila,9
Zaragoza, Badajoz,38
Zaragoza, Balears_ Illes,76
Zaragoza, Barcelona,437
Zaragoza, Bizkaia,69
Zaragoza, Burgos,59
Zaragoza, Cáceres,24
Zaragoza, Cádiz,39
Zaragoza, Cantabria,32
Zaragoza, Castellón_Castelló,91
Zaragoza, Ciudad Real,43
Zaragoza, Córdoba,63
Zaragoza, Coruña_ A,44
Zaragoza, Cuenca,13
Zaragoza, Gipuzkoa,45
Zaragoza, Girona,64
Zaragoza, Granada,42
Zaragoza, Guadalajara,57
Zaragoza, Huelva,43
Zaragoza, Huesca,485
Zaragoza, Jaén,39
Zaragoza, León,32
Zaragoza, Lleida,116
Zaragoza, Lugo,13
Zaragoza, Madrid,496
Zaragoza, Málaga,57
Zaragoza, Murcia,90
Zaragoza, Navarra,253
Zaragoza, Ourense,12
Zaragoza, Palencia,13
Zaragoza, Palmas_ Las,69
Zaragoza, Pontevedra,36
Zaragoza, Rioja_ La,113
Zaragoza, Salamanca,30
Zaragoza, Santa Cruz de Tenerife,58
Zaragoza, Segovia,19
Zaragoza, Sevilla,73
Zaragoza, Soria,70
Zaragoza, Tarragona,150
Zaragoza, Teruel,395
Zaragoza, Toledo,49
Zaragoza, Valencia_València,261
Zaragoza, Valladolid,38
Zaragoza, Zamora,10
Zaragoza, Zaragoza, 
 Zaragoza, Ceuta,9
 Zaragoza, Melilla,23
Ceuta, Albacete,2
Ceuta, Alicante_Alacant,15
Ceuta, Almería,9
Ceuta, Araba_Álava,2
Ceuta, Asturias,1
Ceuta, Ávila,9
Ceuta, Badajoz,6
Ceuta, Balears_ Illes,7
Ceuta, Barcelona,36
Ceuta, Bizkaia,5
Ceuta, Burgos, 
Ceuta, Cáceres,6
Ceuta, Cádiz,118
Ceuta, Cantabria,1
Ceuta, Castellón_Castelló,6
Ceuta, Ciudad Real, 
Ceuta, Córdoba,13
Ceuta, Coruña_ A,3
Ceuta, Cuenca,1
Ceuta, Gipuzkoa,6
Ceuta, Girona,3
Ceuta, Granada,37
Ceuta, Guadalajara,4
Ceuta, Huelva,10
Ceuta, Huesca,1
Ceuta, Jaén,12
Ceuta, León,2
Ceuta, Lleida,4
Ceuta, Lugo,1
Ceuta, Madrid,59
Ceuta, Málaga,113
Ceuta, Murcia,10
Ceuta, Navarra,4
Ceuta, Ourense,3
Ceuta, Palencia,1
Ceuta, Palmas_ Las,4
Ceuta, Pontevedra,5
Ceuta, Rioja_ La, 
Ceuta, Salamanca,3
Ceuta, Santa Cruz de Tenerife,4
Ceuta, Segovia,2
Ceuta, Sevilla,29
Ceuta, Soria, 
Ceuta, Tarragona,4
Ceuta, Teruel, 
Ceuta, Toledo,5
Ceuta, Valencia_València,10
Ceuta, Valladolid,1
Ceuta, Zamora, 
 Ceuta, Zaragoza,4
 Ceuta, Ceuta, 
 Ceuta, Melilla,18
Melilla, Albacete,3
Melilla, Alicante_Alacant,25
Melilla, Almería,44
Melilla, Araba_Álava,1
Melilla, Asturias,3
Melilla, Ávila,3
Melilla, Badajoz,6
Melilla, Balears_ Illes,15
Melilla, Barcelona,55
Melilla, Bizkaia,2
Melilla, Burgos,8
Melilla, Cáceres,1
Melilla, Cádiz,22
Melilla, Cantabria,4
Melilla, Castellón_Castelló,2
Melilla, Ciudad Real,11
Melilla, Córdoba,13
Melilla, Coruña_ A,4
Melilla, Cuenca,1
Melilla, Gipuzkoa,1
Melilla, Girona,14
Melilla, Granada,57
Melilla, Guadalajara,2
Melilla, Huelva,1
Melilla, Huesca, 
Melilla, Jaén,15
Melilla, León,3
Melilla, Lleida,7
Melilla, Lugo,1
Melilla, Madrid,66
Melilla, Málaga,113
Melilla, Murcia,18
Melilla, Navarra,5
Melilla, Ourense,1
Melilla, Palencia,2
Melilla, Palmas_ Las,38
Melilla, Pontevedra,5
Melilla, Rioja_ La,1
Melilla, Salamanca, 
Melilla, Santa Cruz de Tenerife,17
Melilla, Segovia,2
Melilla, Sevilla,18
Melilla, Soria,2
Melilla, Tarragona,9
Melilla, Teruel, 
Melilla, Toledo,7
Melilla, Valencia_València,20
Melilla, Valladolid,3
 Melilla, Zamora,1
 Melilla, Zaragoza,11
 Melilla, Ceuta,23
 Melilla, Melilla, 
